market,client,brand,category,uuid
austria,ACTUAL Fenster Tueren Sonnenschutz,ACTUAL Fenster Tueren Sonnenschutz,Home Appliances,bacb4e6c-ddf6-4fec-ad89-58e7c4fe3f88
austria,ADLER-Werk Lackfabrik,Adler,Household Items,d92ccd2f-ee2a-42b0-b6c3-d4345b78f47a
austria,Action Service & Distribution BV,Action,Retail,09c1edf5-8a34-43f6-9ade-08ab4b7b6cab
austria,Air Up,air up,Drinks (non-alcoholic),335ccd36-a59c-4a3c-91df-9d4bbba86f76
austria,AkzoNobel,AkzoNobel Coating,Home Appliances,5d619f05-8f67-434b-a2dd-0ebd151c7031
austria,Amt der NOE Landesregierung,Amt der NOE LR,GOVERNMENT,9ee1a503-90cf-4ab7-9111-dd9c6eef2630
austria,Asset Management by froots,Asset Management,Finance,a944ded9-afa9-4018-9689-4446a0831e37
austria,Be The Change Flexible Company,Be The Change Flexible Company,Entertainment & media,b20f6ba1-74d7-4b2a-a0ac-9a762ad1b97e
austria,Bionorica,Bionorica Austria,Healthcare,f383b245-2667-49b8-b2e6-49e44d12284e
austria,Breuninger,Breuninger,Fashion,0a603060-ebb9-44a2-b36f-d195b3b8c5c5
austria,CC Real,CC Real,Real Estate,2f68238f-0111-4141-a31a-9f2d88b820d2
austria,CP GABA,Colgate,Oral Care,ec964530-613e-46f9-b90e-16c0a82e1df5
austria,CP GABA,Elmex,Oral Care,799c2757-32e7-4cdd-b345-73dae97a638e
austria,CP GABA,Meridol,Oral Care,469902f6-194b-4091-a2f3-57d11fa1a8c5
austria,Campari,Sarti,Drinks (alcoholic),e14b09e1-3587-475e-bc76-5a25bdef1d11
austria,Carglass,Carglass,Automotive,711dba9f-4a4b-434e-a6e0-6a0b1ab472de
austria,Continental,Continental,Automotive,85ae74b9-ced7-458a-89e8-90a421dea742
austria,Continental,Continental Aftermarket & Services,Automotive,ca8b4014-c854-41b4-9681-a4fdda45487f
austria,Continental,Continental Reifen Deutschland,Automotive,d14b133a-23e9-4861-a0d9-8a5eee676319
austria,Die Presse VerlagsgesmbH. & CO KG,Die Presse VerlagsgesmbH. & CO KG,Entertainment & media,f0232eec-b816-4ee3-85c8-ac21b93b3cdf
austria,Die Tafel Oesterreich - der Verein fuer sozialen Transfer,Die Tafel,CHARITIES,1202dae3-6b1e-4148-b254-33d0d1e6b9dc
austria,Direct Parcel Distribution,Direct Parcel Distribution,General Services,92612c46-39c5-4476-aa59-7235e4413cb5
austria,Dr. C. Soldan Vertriebs,em-eukal,Food,2a101f16-2884-43ae-844f-f8daf80873ab
austria,EA Swiss Sarl,EA Swiss Sarl,Home Entertainment,b25b7315-657f-4b65-bdbe-36bb40392174
austria,Epamedia - Europaeische Plakat- und Aussenmedien,Epamedia - Europaeische Plakat- und Aussenmedien GmbH,Entertainment & media,e121a16c-e87c-4f57-9bc6-18f06a0d044f
austria,Erste Group,Erste Bank,Finance,8e33967e-52ee-4436-9f77-09fb8dcec456
austria,Euronics,Euronics,Home Appliances,f188acb1-a6fe-491b-b1a4-dc9ba2493bb8
austria,Explora Journeys,Explora Journeys,Travel,ebce65bd-0e14-48c6-b706-4d3340385683
austria,FAIRTRADE Oesterreich,Fairtrade,Food,c4e67375-6fa8-44e0-bcfa-370018f2a9cd
austria,Felix Austria GesmbH,Felix Austria,Food,1aa1bae2-f35b-4d3c-aa03-78dfed5f7422
austria,Filmladen,Filmladen,Entertainment & media,e888d849-191c-48ad-9e7d-c6e08abe5618
austria,Finanzgruppe,Teambank,Finance,b4bc7af0-5fb0-4eaa-874c-e657fb884b16
austria,Finanzgruppe,Union Investment,Finance,e37d5dcd-4de1-4d22-b78f-c7531d0318f7
austria,Freytag-Berndt und Artaria KG,Freytag-Berndt und Artaria KG,Travel,e47c7874-68ab-492b-9485-7845849fe3e6
austria,Geberit,Geberit,Home Appliances,0d9e836a-f6a2-4f3c-8666-156457a5ad54
austria,Gebro Pharma,Alpinamed,Healthcare,b09dd56f-94ac-4a6f-a78b-3c6af082b6ea
austria,Grazer Wechselseitige Versicherung AG,Grazer Wechselseitige,Finance,d57ee1b8-94eb-40ba-80a0-a59f928ecb85
austria,Gruene Wirtschaft,Gruene Wirtschaft,General Services,4b0c72d2-d7b8-4be0-be84-068c6f7258f1
austria,HAAI,HAAI,Consumer Electronics,c2091cf7-b04e-44bf-8205-977c14d5b528
austria,Handl Tyrol,Handl Tyrol,Food,469a7836-76a6-45c1-ba69-c0952b01223f
austria,Heimbau,Heimbau,Real Estate,84b47a73-c08d-4b4f-bc77-9bfcef9eabb1
austria,Honor Technologies,Honor,Telecoms,f55c157d-d16d-4f1d-aabd-e5eb819c2fe6
austria,Joh. Alex Niernsee AG,Joh. Alex Niernsee AG,Home Appliances,ef30e2b3-2429-439d-b534-b7cb49778349
austria,KRONE-Verlag GmbH & Co,Krone,Entertainment & media,d5e696ee-1524-4ffd-86b7-cf6a8193025e
austria,KSV1870 Holding AG,KSV1870 Holding AG,General Services,d7832e8b-746c-4d8c-ac98-9cc7be66ade2
austria,Kapsch TrafficCom AG,Kapsch TrafficCom AG,Automotive,b6b7a1b5-1d5b-49c1-b2f9-f2bea8e24ef4
austria,Katjes Fassin,Katjes Fassin,Food,279be043-f300-4349-924d-db64ab5594c6
austria,Kwizda Pharma,Kwizda Pharma,Healthcare,7d19ccc3-25d5-4bd0-b371-171b8c39e556
austria,Lagerhaus Franchise,Lagerhaus,Retail,2cf23571-1bb3-4b77-916e-e92af42794cc
austria,Lavazza,Lavazza,Drinks (non-alcoholic),b8cefd0c-6051-48ca-a890-ea36155bd35b
austria,Lexus,Lexus,Automotive,ccafc701-0025-444e-ba5e-d49b75246abd
austria,Lufthansa,Austrian Airlines,Travel,4550210c-d400-44ce-80c1-20cb58b20e57
austria,M&D Restaurant Development,M&D Restaurant Development,Automotive,f2790871-20ca-46df-942c-db8a600c49a2
austria,Markilux,Markilux,Household Items,3ac2ea5b-bcc8-4cea-bffa-24697ffc0009
austria,Mautner Markhof,Mautner Markhof,Food,3d6e57ef-9532-4690-9254-22347a56347c
austria,McArthurglen,McArthurGlen,Retail,665f8069-3e7a-400b-bf1c-dd5c84cf1efe
austria,Milford Tee Austria Gesellschaft m.b.H.,Milford,Drinks (non-alcoholic),dc50a16f-758e-4bf8-b48d-059abf7f4801
austria,Mona Naturprodukte,Mona,Food,6df976df-59ad-45dc-ae8b-bddbc238d44d
austria,Muenze Oesterreich AG,Muenze Oesterreich AG,Finance,071498c0-547c-4084-9e1e-7aecff79f8d7
austria,NOE Landesgesundheitsagentur,NOE Landesgesundheitsagentur,GOVERNMENT,9932db1e-bd09-45eb-bd78-d0900d31cd20
austria,NV Niederoesterreichische Versicherung AG,NV Niederoesterreichische Versicherung AG,Finance,bb393273-ef6d-4ecd-a7eb-9f68b5dc2177
austria,Neuburger GmbH&Co OG,Neuburger GmbH&Co OG,Food,e54bbe46-b089-4338-9a6b-e20b09e8bc03
austria,OMV Group,OMV Aktiengesellschaft,Utilities,c96b92a8-a3b9-4478-9e7d-c9315d232977
austria,OMV Group,OMV Downstream,Utilities,5ea947ad-ac5b-4a4c-9762-14d1370ecb2d
austria,Oesterreichische Nationalbank,Oesterreichische Nationalbank,Finance,34021bf0-b71c-4957-9482-b1bc7a91f262
austria,Otto group,Otto Austria Group,Fashion,67bc24ad-d995-4245-9789-fd03ae8ff061
austria,Pappas Holding,Pappas,Automotive,8abbca9d-69d8-489b-bc62-5f2e6e689010
austria,Pearle,Pearle,Retail,bdcf7690-3b20-4f6a-8441-e98239b6eba1
austria,Pelpharma Handels,Pelpharma Handels GmbH,Healthcare,08e56112-5409-4da3-aa84-0510ae4e76e7
austria,Perfetti Van Melle,Mentos,Food,ae570db4-7ec4-4bbe-9c7a-ef03e29592c1
austria,Pfizer,Pfizer,Healthcare,0e4543db-a67b-48dd-bb78-520da5eda88f
austria,Princes Foods,Princes,Food,57a785b2-f446-4cd4-b0e0-82ca067d222f
austria,Red Bull,Red Bull MOBILE,Telecoms,5b3eecf4-2e0d-4525-affe-42c7980167af
austria,Roche Diagnostics International,Roche,Healthcare,9f868849-8b8b-435d-9936-b9485ca506fb
austria,Rolf Benz AG & Co. KG,Rolf Benz,Home Appliances,08174089-b494-41ed-a805-fbb97ee89812
austria,Rupa Werbe GesmbH,Rupa Werbe GesmbH,General Services,4fa822de-7aab-4ce6-a575-9cc2671b25e6
austria,SONY,Sony Europe B.V.,Home Entertainment,41289fdf-b18f-46b7-b1e5-c67c12d5e046
austria,SONY,Sony Interactive Entertainment,Home Entertainment,03fde42f-40e8-4ee7-a991-c0e3f63e86ad
austria,SP United Vertriebs,SP Connect,Home Appliances,caab8100-e9dd-43c2-9650-c2bd7696b7fc
austria,Sanova,similasan,Healthcare,7d71f181-7aa3-4757-8104-ab354c7b55eb
austria,Selfstorage,SelfStorage Dein Lagerraum,Real Estate,e06dcd35-78cd-4381-8529-9a84e5674dae
austria,Silhouette International,Silhouette,Fashion,0e32418f-12d2-4ff4-9185-998fa20a5772
austria,Smile Insurance & IT Solutions,Smile Insurance & IT Solutions,Finance,043b8bc4-871a-42fd-8677-4636902c0e8b
austria,Smyths Toys,Smyths Toys,Retail,26ca836c-cab4-4970-acf4-b162a5fab093
austria,Spar,HERVIS,Sports,8928dda9-a9c7-4aa5-978e-021757617fad
austria,Spar,INTERSPAR,Retail,68072244-0ca1-4349-bc13-ef1d14f52e22
austria,Spar,SPAR Direkt,Retail,533f71de-096f-46b7-befc-730d77194a3d
austria,Sutterluety Handels,Sutterluety Handels,Retail,0aa19ac6-d14a-40ea-a89b-81cfd895eaf5
austria,T-Mobile,Magenta,Telecoms,ee7d62d4-1482-4882-943e-3e43985e8472
austria,Therme Wien GmbH & Co KG,Therme Wien,Travel,30f13d0b-c71b-4e36-9b54-a17039acd289
austria,UNIQA Insurance Group AG,Mavie,Healthcare,b15ef99c-46e7-4cad-9753-56788819a735
austria,UNIQA Insurance Group AG,RUDI,General Services,d1d39e77-ce91-4837-afaf-31e700cf5f0b
austria,Universal Pictures,UPI,Entertainment & media,5bef1178-dc43-418d-a323-2d8610188f5b
austria,VAV - Versicherungs-Aktiengesellschaft,VAV,Healthcare,8053034a-9e38-4d85-9bcd-f738fa96b1e8
austria,Verein Fachhochschule Technikum Wien,Verein Fachhochschule Technikum Wien,EDUCATION,f468cf13-3a89-4542-b3e5-cc62fce72e50
austria,WOJNAR Beteiligungs,WOJNAR Beteiligungs,Food,c259bd9c-d2b1-4d89-85be-450fe83db61a
austria,Wiener Arbeitnehmerinnen Foerderungsfonds (waff),Wiener Arbeitnehmerinnen Foerderungsfonds (waff),General Services,72a464ff-1e17-4c92-bb4f-ef74d81f737e
austria,Willhaben Internet Service,Willhaben.at,General Services,865a6f0e-58fd-472d-bf4c-4b2491854b86
austria,Woerwag Pharma,Woerwag Pharma,Healthcare,efa965f6-ee5d-4026-ae40-2f7d484b6e66
austria,Wolfgang Denzel Auto AG,Wolfgang Denzel Auto AG,Automotive,304d4979-3baf-4f4d-95d6-b3243496410d
austria,mfi Immobilien Marketing,mfi Immobilien Marketing,Real Estate,b9d888c2-4699-4086-ad95-83e31edf401e
austria,voestalpine,voestalpine,General Services,454aa0ad-4864-4ec6-9960-6622703981c0
