client,market
Salta Group,Netherlands
Sigvaris,France
Sofibell,France
Sopexa,France
Spare Rib Express,Netherlands
Stage entertainment,Netherlands
Statiegeld Nederland,Netherlands
Stichting Het Vergeten Kind,Netherlands
Swiss Sense,Netherlands
Translink,Netherlands
University of Western Australia (UWA),Australia
Warner Music Group,Netherlands
Werktalent,Netherlands
SFA,France
Six Flags,Mexico
SmartFit,Mexico
TENACTA GROUP S,Italy
Tequila Loco,Mexico
Tesco,United Kingdom of Great Britain and Northern Ireland
Total Gasolinera,Mexico
Transavia Airlines C.V,Belgium
TRANSITIONS OPTICAL,France
