United Arab Emirates,Aldar,Aldar Development,Real Estate
United Arab Emirates,Aldar,Aldar Retail,Real Estate
Jordan,Arab Bank,Arab Bank,Finance
Palestine,Arab Bank,Arab Bank,Finance
Lebanon,Arab Bank,Arab Bank,Finance
Egypt,Arab Bank,Arab Bank,Finance
United Arab Emirates,Arab Bank,Arab Bank,Finance
Qatar,Arab Bank,Arab Bank,Finance
Bahrain,Arab Bank,Arab Bank,Finance
Morocco,Arab Bank,Arab Bank,Finance
Iraq,Arab Bank,Arab Bank,Finance
Algeria,Arab Bank,Arab Bank,Finance
Jordan,Arab Bank,Arab Bank,Finance
Egypt,AXA,One-Health,Healthcare
Egypt,Dabur,Miswa,Personal Care
Egypt,Dabur,Dabur Hair Gel,Personal Care
Egypt,Dabur,Dermoviva,Personal Care
Egypt,Dabur,Dabur Herbal Clove,Personal Care
Egypt,Edita,Edita,Food
Egypt,Edita,Twinkies,Food
Egypt,Edita,Bake Rolz,Food
Egypt,Edita,MiMiX,Food
Egypt,Edita,Oniro,Food
United Arab Emirates,Emirates,dnata Travel,Travel
United Arab Emirates,Emirates,Arabian Adventures,Travel
United Kingdom,Emirates,Arabian Adventures,Travel
India,Emirates,Arabian Adventures,Travel
United States,Emirates,Arabian Adventures,Travel
Australia,Emirates,Arabian Adventures,Travel
United Arab Emirates,Emirates,Marhaba,Travel
United Kingdom,Emirates,Marhaba,Travel
India,Emirates,Marhaba,Travel
United States,Emirates,Marhaba,Travel
Australia,Emirates,Marhaba,Travel
Jordan,Ferrero,Rafaello,Food
Lebanon,Ferrero,Rafaello,Food
Iraq,Ferrero,Rafaello,Food
Morocco,Ferrero,Rafaello,Food
Saudi Arabia,King Salman International Airport,King Salman International Airport,Travel
Saudi Arabia,Marico,Marico,Personal Care
United Arab Emirates,Marico,Marico,Personal Care
Qatar,Marico,Marico,Personal Care
Bahrain,Marico,Marico,Personal Care
Kuwait,Marico,Marico,Personal Care
Oman,Marico,Marico,Personal Care
Bahrain,National Bank of Bahrain,National Bank of Bahrain,Finance
Bahrain,National Bank of Bahrain,National Bank of Bahrain,Finance
United Arab Emirates,Property Finder,Property Finder,Real Estate
NIGERIA,Qatar Airways,Qatar Airways,Travel
SOUTH AFRICA,Qatar Airways,Qatar Airways,Travel
KENYA,Qatar Airways,Qatar Airways,Travel
ALGERIA,Qatar Airways,Qatar Airways,Travel
MOZAMBIQUE,Qatar Airways,Qatar Airways,Travel
EGYPT,Qatar Airways,Qatar Airways,Travel
TANZANIA,Qatar Airways,Qatar Airways,Travel
ANGOLA,Qatar Airways,Qatar Airways,Travel
UGANDA,Qatar Airways,Qatar Airways,Travel
ZAMBIA,Qatar Airways,Qatar Airways,Travel
MOROCCO,Qatar Airways,Qatar Airways,Travel
GHANA,Qatar Airways,Qatar Airways,Travel
ETHIOPIA,Qatar Airways,Qatar Airways,Travel
TUNISIA,Qatar Airways,Qatar Airways,Travel
ZIMBABWE,Qatar Airways,Qatar Airways,Travel
RWANDA,Qatar Airways,Qatar Airways,Travel
SUDAN,Qatar Airways,Qatar Airways,Travel
BOTSWANA,Qatar Airways,Qatar Airways,Travel
SEYCHELLES,Qatar Airways,Qatar Airways,Travel
CONGO,Qatar Airways,Qatar Airways,Travel
MALAWI,Qatar Airways,Qatar Airways,Travel
DJIBOUTI,Qatar Airways,Qatar Airways,Travel
SOMALIA,Qatar Airways,Qatar Airways,Travel
BENIN,Qatar Airways,Qatar Airways,Travel
SENEGAL,Qatar Airways,Qatar Airways,Travel
NAMIBIA,Qatar Airways,Qatar Airways,Travel
MAURITANIA,Qatar Airways,Qatar Airways,Travel
MALI,Qatar Airways,Qatar Airways,Travel
CONGO,Qatar Airways,Qatar Airways,Travel
LESOTHO,Qatar Airways,Qatar Airways,Travel
SIERRA LEONE,Qatar Airways,Qatar Airways,Travel
MAURITIUS,Qatar Airways,Qatar Airways,Travel
CAMEROON,Qatar Airways,Qatar Airways,Travel
LIBERIA,Qatar Airways,Qatar Airways,Travel
GAMBIA,Qatar Airways,Qatar Airways,Travel
TOGO,Qatar Airways,Qatar Airways,Travel
BURUNDI,Qatar Airways,Qatar Airways,Travel
BURKINA FASO,Qatar Airways,Qatar Airways,Travel
LIBYA,Qatar Airways,Qatar Airways,Travel
GUINEA,Qatar Airways,Qatar Airways,Travel
MADAGASCAR,Qatar Airways,Qatar Airways,Travel
SOUTH SUDAN,Qatar Airways,Qatar Airways,Travel
GABON,Qatar Airways,Qatar Airways,Travel
CENTRAL AFRICAN REPUBLIC,Qatar Airways,Qatar Airways,Travel
NIGER,Qatar Airways,Qatar Airways,Travel
CHAD,Qatar Airways,Qatar Airways,Travel
COMOROS,Qatar Airways,Qatar Airways,Travel
UNITED STATES OF AMERICA,Qatar Airways,Qatar Airways,Travel
CANADA,Qatar Airways,Qatar Airways,Travel
BRAZIL,Qatar Airways,Qatar Airways,Travel
MEXICO,Qatar Airways,Qatar Airways,Travel
ARGENTINA,Qatar Airways,Qatar Airways,Travel
PERU,Qatar Airways,Qatar Airways,Travel
URUGUAY,Qatar Airways,Qatar Airways,Travel
SURINAME,Qatar Airways,Qatar Airways,Travel
COLOMBIA,Qatar Airways,Qatar Airways,Travel
COSTA RICA,Qatar Airways,Qatar Airways,Travel
PUERTO RICO,Qatar Airways,Qatar Airways,Travel
PANAMA,Qatar Airways,Qatar Airways,Travel
CAYMAN ISLANDS,Qatar Airways,Qatar Airways,Travel
JAMAICA,Qatar Airways,Qatar Airways,Travel
TURKS AND CAICOS ISLANDS,Qatar Airways,Qatar Airways,Travel
DOMINICAN REPUBLIC,Qatar Airways,Qatar Airways,Travel
BERMUDA,Qatar Airways,Qatar Airways,Travel
BRITISH VIRGIN ISLANDS,Qatar Airways,Qatar Airways,Travel
GUATEMALA,Qatar Airways,Qatar Airways,Travel
PARAGUAY,Qatar Airways,Qatar Airways,Travel
EL SALVADOR,Qatar Airways,Qatar Airways,Travel
BAHAMAS,Qatar Airways,Qatar Airways,Travel
TRINIDAD AND TOBAGO,Qatar Airways,Qatar Airways,Travel
HONDURAS,Qatar Airways,Qatar Airways,Travel
CUBA,Qatar Airways,Qatar Airways,Travel
ARUBA,Qatar Airways,Qatar Airways,Travel
HAITI,Qatar Airways,Qatar Airways,Travel
UNITED KINGDOM,Qatar Airways,Qatar Airways,Travel
GERMANY,Qatar Airways,Qatar Airways,Travel
FRANCE,Qatar Airways,Qatar Airways,Travel
SWITZERLAND,Qatar Airways,Qatar Airways,Travel
ITALY,Qatar Airways,Qatar Airways,Travel
SPAIN,Qatar Airways,Qatar Airways,Travel
GREECE,Qatar Airways,Qatar Airways,Travel
SWEDEN,Qatar Airways,Qatar Airways,Travel
NORWAY,Qatar Airways,Qatar Airways,Travel
RUSSIAN FEDERATION,Qatar Airways,Qatar Airways,Travel
DENMARK,Qatar Airways,Qatar Airways,Travel
TURKEY,Qatar Airways,Qatar Airways,Travel
IRELAND,Qatar Airways,Qatar Airways,Travel
NETHERLANDS,Qatar Airways,Qatar Airways,Travel
FINLAND,Qatar Airways,Qatar Airways,Travel
UKRAINE,Qatar Airways,Qatar Airways,Travel
CYPRUS,Qatar Airways,Qatar Airways,Travel
POLAND,Qatar Airways,Qatar Airways,Travel
BELGIUM,Qatar Airways,Qatar Airways,Travel
AUSTRIA,Qatar Airways,Qatar Airways,Travel
CZECH REPUBLIC,Qatar Airways,Qatar Airways,Travel
ROMANIA,Qatar Airways,Qatar Airways,Travel
BULGARIA,Qatar Airways,Qatar Airways,Travel
HUNGARY,Qatar Airways,Qatar Airways,Travel
SERBIA,Qatar Airways,Qatar Airways,Travel
CROATIA,Qatar Airways,Qatar Airways,Travel
PORTUGAL,Qatar Airways,Qatar Airways,Travel
LATVIA,Qatar Airways,Qatar Airways,Travel
ESTONIA,Qatar Airways,Qatar Airways,Travel
MALTA,Qatar Airways,Qatar Airways,Travel
ALBANIA,Qatar Airways,Qatar Airways,Travel
LITHUANIA,Qatar Airways,Qatar Airways,Travel
SLOVENIA,Qatar Airways,Qatar Airways,Travel
LUXEMBOURG,Qatar Airways,Qatar Airways,Travel
NORTH MACEDONIA,Qatar Airways,Qatar Airways,Travel
ICELAND,Qatar Airways,Qatar Airways,Travel
BELARUS,Qatar Airways,Qatar Airways,Travel
MOLDOVA,Qatar Airways,Qatar Airways,Travel
ANDORRA,Qatar Airways,Qatar Airways,Travel
MONTENEGRO,Qatar Airways,Qatar Airways,Travel
SAN MARINO,Qatar Airways,Qatar Airways,Travel
FAROE ISLANDS,Qatar Airways,Qatar Airways,Travel
GIBRALTAR,Qatar Airways,Qatar Airways,Travel
SAUDI ARABIA,Qatar Airways,Qatar Airways,Travel
PAKISTAN,Qatar Airways,Qatar Airways,Travel
KUWAIT,Qatar Airways,Qatar Airways,Travel
UNITED ARAB EMIRATES,Qatar Airways,Qatar Airways,Travel
IRAN,Qatar Airways,Qatar Airways,Travel
OMAN,Qatar Airways,Qatar Airways,Travel
IRAQ,Qatar Airways,Qatar Airways,Travel
LEBANON,Qatar Airways,Qatar Airways,Travel
JORDAN,Qatar Airways,Qatar Airways,Travel
ARMENIA,Qatar Airways,Qatar Airways,Travel
KAZAKHSTAN,Qatar Airways,Qatar Airways,Travel
GEORGIA,Qatar Airways,Qatar Airways,Travel
ISRAEL,Qatar Airways,Qatar Airways,Travel
AZERBAIJAN,Qatar Airways,Qatar Airways,Travel
BAHRAIN,Qatar Airways,Qatar Airways,Travel
PALESTINE,Qatar Airways,Qatar Airways,Travel
UZBEKISTAN,Qatar Airways,Qatar Airways,Travel
KYRGYZSTAN,Qatar Airways,Qatar Airways,Travel
YEMEN,Qatar Airways,Qatar Airways,Travel
CHINA,Qatar Airways,Qatar Airways,Travel
JAPAN,Qatar Airways,Qatar Airways,Travel
HONG KONG,Qatar Airways,Qatar Airways,Travel
MONGOLIA,Qatar Airways,Qatar Airways,Travel
TAIWAN,Qatar Airways,Qatar Airways,Travel
QATAR,Qatar Airways,Qatar Airways,Travel
INDIA,Qatar Airways,Qatar Airways,Travel
BANGLADESH,Qatar Airways,Qatar Airways,Travel
NEPAL,Qatar Airways,Qatar Airways,Travel
SRI LANKA,Qatar Airways,Qatar Airways,Travel
MALDIVES,Qatar Airways,Qatar Airways,Travel
PHILIPPINES,Qatar Airways,Qatar Airways,Travel
INDONESIA,Qatar Airways,Qatar Airways,Travel
MALAYSIA,Qatar Airways,Qatar Airways,Travel
THAILAND,Qatar Airways,Qatar Airways,Travel
SINGAPORE,Qatar Airways,Qatar Airways,Travel
VIETNAM,Qatar Airways,Qatar Airways,Travel
MYANMAR,Qatar Airways,Qatar Airways,Travel
CAMBODIA,Qatar Airways,Qatar Airways,Travel
BRUNEI,Qatar Airways,Qatar Airways,Travel
AUSTRALIA,Qatar Airways,Qatar Airways,Travel
NEW ZEALAND,Qatar Airways,Qatar Airways,Travel
PAPUA NEW GUINEA,Qatar Airways,Qatar Airways,Travel
FIJI,Qatar Airways,Qatar Airways,Travel
MARSHALL ISLANDS,Qatar Airways,Qatar Airways,Travel
SAMOA,Qatar Airways,Qatar Airways,Travel
NEW CALEDONIA,Qatar Airways,Qatar Airways,Travel
GUAM,Qatar Airways,Qatar Airways,Travel
Saudi Arabia,Saudi Coffee Company,Jazean,Drinks (non-alcoholic)
