client,market
Adidas,Hong Kong
Allianz,Hong Kong
Anker,Hong Kong
AXA,Hong Kong
Swisse,Hong Kong
DBS,Hong Kong
Deloitte,Hong Kong
Ecoflow,Brazil
Ecoflow,Mexico
Ecoflow,Kenya
Ecoflow,Nigeria
Ecoflow,South Africa
Ecoflow,Saudi Arabia
Ecoflow,Malaysia
Ecoflow,Australia
Ecoflow,Philippines
Ecoflow,Singapore
Ecoflow,United States of America
Huawei,Hong Kong
Jackery,United States of America
Jackery,Canada
Jackery,Germany
Jackery,France
Jackery,Spain
Jackery,Japan
Lee Kum Kee,Hong Kong
Lululemon,Australia
Lululemon,Canada
Lululemon,China
Lululemon,Hong Kong
Lululemon,India
Lululemon,Indonesia
Lululemon,Japan
Lululemon,Malaysia
Lululemon,New Zealand
Lululemon,South Korea
Lululemon,Taiwan
Lululemon,United States of America
LVMH,Hong Kong
MTR,Hong Kong
NinJiom,Hong Kong
PrimeCredit,Hong Kong
Reolink,Hong Kong
Rolex,Hong Kong
Peninsula Hotels,Hong Kong
Peninsula Hotels,Canada
Peninsula Hotels,China
Peninsula Hotels,France
Peninsula Hotels,Germany
Peninsula Hotels,Japan
Peninsula Hotels,Philippines
Peninsula Hotels,South Korea
Peninsula Hotels,Thailand
Peninsula Hotels,Turkey
Peninsula Hotels,United States of America
Peninsula Hotels,Iraq
Peninsula Hotels,Israel
Peninsula Hotels,Kuwait
Peninsula Hotels,Qatar
Peninsula Hotels,Saudi Arabia
Peninsula Hotels,United Arab Emirates
UA Finance,Hong Kong
Uber,Hong Kong
Universal Pictures,Hong Kong
Warner Bros.,Hong Kong
Zespri,Hong Kong
Zuellig Pharma,Hong Kong
Sun Life Financial,Hong Kong
Sun Life Financial,Vietnam
Sun Life Financial,Philippines
Sun Life Financial,Indonesia
Sun Life Financial,Singapore
Sun Life Financial,Malaysia
